,CIK,Date_of_filing,Name_of_text_file,Sentiment_Score
0,90498,31-03-1995,0000090498-95-000022.txt,0.019736842105263157
1,15615,09-02-1995,0000015615-95-000003.txt,-0.02770358407354494
2,812482,12-01-1995,0000898430-95-000024.txt,0.0
3,350071,14-02-1995,0000950144-95-000387.txt,0.00611353711790393
4,5177,16-03-1995,0000898431-95-000022.txt,0.006024096385542169
5,71337,09-02-1995,0000071337-95-000004.txt,-0.015384615384615385
6,25598,13-02-1995,0000005103-95-000009.txt,0.0
7,94049,05-01-1995,0000902561-95-000002.txt,-0.010050251256281407
8,774214,07-02-1995,0000950129-95-000065.txt,0.0
9,60026,23-03-1995,0000060026-95-000001.txt,-0.004081632653061225
10,4962,03-04-1995,0000004962-95-000006.txt,0.008264462809917356
11,831300,15-06-1995,0000950005-95-000124.txt,-0.009708737864077669
12,799903,06-04-1995,0000909789-95-000006.txt,-0.009554140127388535
13,793066,24-05-1995,0000762848-95-000004.txt,-0.04
14,313478,16-05-1995,0000950134-95-001196.txt,0.0
15,815553,19-04-1995,0000912057-95-002527.txt,-0.006998444790046656
16,27673,23-05-1995,0000027673-95-000025.txt,0.0035842293906810036
17,4515,02-06-1995,0000004515-95-000005.txt,-0.023255813953488372
18,774352,13-06-1995,0000774352-95-000060.txt,0.0
19,277577,03-05-1995,0000950134-95-000887.txt,0.0
20,789851,14-07-1995,0000914233-95-000017.txt,0.00546448087431694
21,28209,26-09-1995,0000950134-95-002357.txt,-0.19827586206896552
22,203527,23-08-1995,0000950109-95-003374.txt,-0.011409942950285249
23,64782,21-09-1995,0000950132-95-000356.txt,0.0
24,804731,14-07-1995,0000950149-95-000427.txt,0.0
25,774352,13-09-1995,0000774352-95-000084.txt,0.0
26,230211,19-09-1995,0000912057-95-007903.txt,0.0
27,890175,29-09-1995,0000950131-95-002724.txt,-0.008695652173913044
28,48896,11-09-1995,0000048896-95-000012.txt,-0.003309431880860452
29,4962,28-09-1995,0000004962-95-000034.txt,0.01466275659824047
30,201499,06-12-1995,0000950112-95-003148.txt,0.0
31,792181,18-12-1995,0000792181-95-000003.txt,-0.04852686308492201
32,823927,12-10-1995,0000823927-95-000020.txt,0.0
33,97349,30-10-1995,0000097349-95-000044.txt,0.0
34,217028,11-10-1995,0000217028-95-000023.txt,-0.010526315789473684
35,858877,06-12-1995,0000891618-95-000727.txt,0.011538461538461539
36,708320,26-12-1995,0000898733-95-001070.txt,0.0
37,722487,27-11-1995,0000722487-95-000057.txt,-0.011235955056179775
38,731190,06-11-1995,0000898430-95-002155.txt,0.0
39,801543,31-10-1995,0000950124-95-003472.txt,0.0
40,771667,29-01-1996,0000771667-96-000001.txt,0.0
41,5907,03-01-1996,0000005907-96-000002.txt,0.0
42,65100,29-02-1996,0000950130-96-000655.txt,-0.0056179775280898875
43,922360,27-03-1996,0000922359-96-000007.txt,0.019867549668874173
44,850309,20-02-1996,0000850309-96-000004.txt,0.0
45,731766,15-02-1996,0000731766-96-000003.txt,-0.004739336492890996
46,703361,31-01-1996,0000950005-96-000044.txt,0.005319148936170213
47,736768,04-01-1996,0000950112-96-000026.txt,-0.013123359580052493
48,85149,01-02-1996,0000085149-96-000001.txt,-0.013961605584642234
49,92050,31-01-1996,0000092050-96-000003.txt,-0.007272727272727273
50,69598,24-06-1996,0000902561-96-000088.txt,-0.008287292817679558
51,887763,06-06-1996,0000887763-96-000006.txt,0.0
52,931059,28-06-1996,0000950149-96-000786.txt,-0.007269789983844911
53,785788,08-05-1996,0000785788-96-000005.txt,0.00980392156862745
54,105634,10-05-1996,0000105634-96-000004.txt,-0.029743589743589743
55,1002022,18-06-1996,0000950146-96-000991.txt,0.0
56,701650,16-05-1996,0000950134-96-002256.txt,0.0031847133757961785
57,839087,14-06-1996,0000839087-96-000004.txt,-0.0528169014084507
58,91817,08-04-1996,0000091817-96-000006.txt,-0.03597122302158273
59,945506,28-05-1996,0000912057-96-010878.txt,-0.00909090909090909
60,81050,15-07-1996,0000081050-96-000031.txt,-0.018072289156626505
61,739708,20-08-1996,0000739708-96-000017.txt,-0.005891016200294551
62,63276,08-08-1996,0000063276-96-000034.txt,0.0
63,851697,27-09-1996,0000922423-96-000519.txt,-0.04422476586888657
64,911703,09-09-1996,0000911703-96-000005.txt,0.0
65,916745,26-07-1996,0000916745-96-000015.txt,0.0
66,790928,28-08-1996,0000790928-96-000013.txt,-0.01606653435403081
67,877829,13-09-1996,0000877829-96-000036.txt,0.0
68,719164,31-07-1996,0000950137-96-001213.txt,0.0
69,4317,11-09-1996,0000912057-96-020095.txt,0.0196078431372549
70,810316,11-10-1996,0000810316-96-000054.txt,-0.0037105751391465678
71,844010,11-12-1996,0000844010-96-000008.txt,0.0
72,1020905,23-12-1996,0000950144-96-009302.txt,-0.005714285714285714
73,822972,25-10-1996,0000950172-96-000669.txt,0.0
74,732288,24-12-1996,0000732288-96-000016.txt,-0.002551020408163265
75,804212,05-12-1996,0000804212-96-000021.txt,0.0
76,1004960,19-12-1996,0000891618-96-003119.txt,0.0
77,1020569,13-11-1996,0000950109-96-007522.txt,0.0
78,890175,18-10-1996,0000950131-96-005132.txt,0.015037593984962405
79,869531,23-12-1996,0001021890-96-000047.txt,-0.07901907356948229
80,314643,07-02-1997,0000314643-97-000021.txt,-0.05631399317406143
81,913778,25-03-1997,0000913778-97-000011.txt,0.0
82,916298,06-02-1997,0000950134-97-000710.txt,-0.03636363636363636
83,905036,27-03-1997,0000928385-97-000513.txt,-0.005988023952095809
84,46738,28-01-1997,0000950131-97-000406.txt,0.0
85,774352,21-02-1997,0000774352-97-000014.txt,-0.0025252525252525255
86,868809,03-01-1997,0000930661-97-000022.txt,0.0
87,866121,13-03-1997,0000950131-97-001762.txt,0.0
88,927653,24-02-1997,0000927653-97-000008.txt,-0.0015527950310559005
89,890175,27-01-1997,0000950109-97-000472.txt,0.0
90,1032897,01-04-1997,0000914121-97-000167.txt,0.0
91,902056,11-06-1997,0000902056-97-000021.txt,0.0
92,945394,14-04-1997,0000908737-97-000155.txt,-0.017241379310344827
93,826491,06-05-1997,0000826491-97-000011.txt,-0.029411764705882353
94,949493,07-04-1997,0000949493-97-000019.txt,0.0
95,46738,04-04-1997,0000950131-97-002412.txt,0.019083969465648856
96,890175,01-04-1997,0000950109-97-002732.txt,0.0
97,836564,17-06-1997,0000936392-97-000818.txt,-0.007194244604316547
98,350563,16-06-1997,0000350563-97-000034.txt,0.0
99,42504,28-04-1997,0000950137-97-001624.txt,0.0
100,1039799,23-09-1997,0001002130-97-000018.txt,0.0
101,64803,17-07-1997,0000950135-97-003010.txt,-0.05630630630630631
102,1038193,28-08-1997,0001034225-97-000209.txt,0.0
103,1005404,16-07-1997,0000899681-97-000313.txt,0.0
104,930239,12-09-1997,0000912057-97-030681.txt,-0.010624169986719787
105,888916,05-09-1997,0000897069-97-000383.txt,-0.0125
106,806085,04-09-1997,0000806085-97-000156.txt,-0.022314478463933574
107,27879,02-07-1997,0000027879-97-000044.txt,0.009146341463414634
108,1009395,31-07-1997,0000944209-97-000962.txt,0.0
109,1003957,02-07-1997,0000950144-97-007578.txt,-0.012048192771084338
110,714612,03-10-1997,0000714612-97-000039.txt,-0.031578947368421054
111,872544,16-12-1997,0001047469-97-007906.txt,-0.022099447513812154
112,1004988,20-10-1997,0000835271-97-000190.txt,0.0
113,945980,04-11-1997,0001047469-97-002614.txt,-0.004545454545454545
114,945390,05-12-1997,0001047469-97-006958.txt,-0.00819672131147541
115,913957,20-10-1997,0000913957-97-000034.txt,-0.010501750291715286
116,873209,07-10-1997,0000892569-97-002754.txt,0.0
117,1038529,10-11-1997,0001038529-97-000007.txt,-0.043478260869565216
118,867961,30-12-1997,0000867961-97-000036.txt,0.0
119,1027281,21-11-1997,0000950168-97-003482.txt,0.0
120,314865,05-02-1998,0001047469-98-003643.txt,-0.007042253521126761
121,1025786,24-03-1998,0000916641-98-000278.txt,0.0
122,1049763,31-03-1998,0001049763-98-000010.txt,-0.004878048780487805
123,813343,17-03-1998,0000840334-98-000012.txt,-0.004484304932735426
124,920522,31-03-1998,0000920522-98-000004.txt,0.0
125,319687,06-03-1998,0000950155-98-000022.txt,0.0
126,357261,15-01-1998,0000357261-98-000011.txt,0.06806282722513089
127,316736,04-03-1998,0001010549-98-000057.txt,0.0
128,934549,11-02-1998,0001047469-98-004978.txt,-0.0023094688221709007
129,866970,23-01-1998,0000950116-98-000105.txt,-0.021164021164021163
130,1004158,15-05-1998,0000914121-98-000372.txt,0.0
131,929426,29-06-1998,0000929426-98-000059.txt,-0.019230769230769232
132,921082,04-05-1998,0000950168-98-001475.txt,0.0
133,830379,11-06-1998,0001047469-98-023846.txt,0.0
134,899689,28-04-1998,0000950123-98-004246.txt,-0.004694835680751174
135,914536,05-06-1998,0001047469-98-023164.txt,-0.032
136,1029787,13-04-1998,0001047469-98-014654.txt,0.0
137,64647,08-04-1998,0000914317-98-000237.txt,0.0026171782060433026
138,913341,26-06-1998,0000916641-98-000740.txt,0.0
139,873540,28-05-1998,0001042910-98-000515.txt,-0.019851116625310174
140,866873,15-07-1998,0000950149-98-001304.txt,0.0
141,1004314,13-07-1998,0001047469-98-027082.txt,-0.033783783783783786
142,1060875,29-09-1998,0000070858-98-000356.txt,-0.0176522506619594
143,225211,16-07-1998,0000225211-98-000034.txt,-0.007518796992481203
144,1015535,03-08-1998,0000916641-98-000854.txt,0.0
145,1053916,06-07-1998,0000950131-98-004170.txt,-0.00823045267489712
146,760678,17-09-1998,0000950142-98-000725.txt,-0.014388489208633094
147,943820,24-08-1998,0001025537-98-000057.txt,-0.006718924972004479
148,740868,14-09-1998,0000906555-98-000037.txt,-0.006493506493506494
149,40934,22-07-1998,0000040934-98-000005.txt,0.014705882352941176
150,906346,31-12-1998,0000914317-98-000759.txt,-0.0236528543482127
151,837579,29-10-1998,0000950124-98-005903.txt,-0.011013215859030838
152,916095,16-11-1998,0001047469-98-041302.txt,0.0
153,795986,10-12-1998,0000795986-98-000012.txt,-0.0037313432835820895
154,846930,15-10-1998,0001021408-98-000737.txt,0.0
155,889609,28-12-1998,0001019687-98-000372.txt,0.0
156,854775,20-11-1998,0001047469-98-041828.txt,0.0
157,18498,17-11-1998,0000950144-98-013052.txt,-0.010416666666666666
158,844985,04-12-1998,0000720477-98-000056.txt,0.0
159,1010753,19-11-1998,0001047469-98-041732.txt,0.0
160,1058236,19-03-1999,0001019687-99-000110.txt,-0.0029239766081871343
161,1026808,18-02-1999,0000929624-99-000322.txt,0.0
162,921051,19-03-1999,0000946275-99-000165.txt,0.0
163,721773,10-02-1999,0000721773-99-000005.txt,-0.023809523809523808
164,882590,14-01-1999,0000882590-99-000002.txt,0.0
165,1078887,19-03-1999,0001036050-99-000539.txt,-0.008869179600886918
166,1001802,29-01-1999,0000927089-99-000038.txt,0.0
167,89107,31-03-1999,0000950144-99-003842.txt,-0.037037037037037035
168,31079,26-01-1999,0000891554-99-000081.txt,-0.00975609756097561
169,857847,03-02-1999,0000914760-99-000010.txt,0.0
170,63416,21-04-1999,0000063416-99-000006.txt,0.0
171,714154,21-04-1999,0000714154-99-000011.txt,0.0
172,946115,03-05-1999,0001047469-99-017787.txt,0.0
173,732717,17-06-1999,0000891836-99-000438.txt,-0.006134969325153374
174,742070,27-04-1999,0000882377-99-000217.txt,0.0
175,1083068,09-04-1999,0001083068-99-000003.txt,-0.08942598187311178
176,1014445,15-04-1999,0001014445-99-000009.txt,0.0
177,1005751,14-06-1999,0000897069-99-000351.txt,0.0175
178,913077,01-04-1999,0001047469-99-013237.txt,0.0
179,886193,14-04-1999,0000886193-99-000007.txt,-0.009596928982725527
180,899297,28-09-1999,0001012870-99-003401.txt,0.0
181,39547,04-08-1999,0001047469-99-029668.txt,-0.006711409395973154
182,912544,28-09-1999,0000909518-99-000595.txt,-0.007102272727272727
183,848135,26-08-1999,0001005477-99-003993.txt,0.0
184,32908,22-07-1999,0000950129-99-003249.txt,0.008658008658008658
185,1091432,03-08-1999,0001067943-99-000068.txt,-0.004166666666666667
186,10795,29-09-1999,0000950130-99-005533.txt,0.0
187,64782,23-09-1999,0000950132-99-000863.txt,0.0
188,814361,30-07-1999,0000950135-99-003687.txt,0.0
189,1013109,30-07-1999,0000070858-99-000270.txt,0.0
190,916824,04-11-1999,0000748847-99-000062.txt,-0.024654463952185283
191,1069450,24-11-1999,0000912057-99-007348.txt,-0.005747126436781609
192,1056562,20-10-1999,0000914760-99-000200.txt,-0.03076923076923077
193,949348,15-11-1999,0000949349-99-000024.txt,0.0009165902841429881
194,802106,28-10-1999,0000905148-99-001953.txt,-0.0048543689320388345
195,1101717,22-12-1999,0001101717-99-000001.txt,-0.005434782608695652
196,1095352,03-12-1999,0000950136-99-001540.txt,0.0
197,1082813,10-11-1999,0001019965-99-000276.txt,-0.0671462829736211
198,1033671,28-10-1999,0001033671-99-000008.txt,-0.005494505494505495
199,945372,04-11-1999,0000950123-99-009765.txt,0.0
200,1015401,22-02-2000,0000912057-00-007873.txt,0.0
201,770944,23-02-2000,0000770944-00-000004.txt,-0.0029708853238265003
202,729533,20-03-2000,0000950135-00-001504.txt,0.0
203,23752,02-03-2000,0000914760-00-000054.txt,0.0
204,1015441,23-03-2000,0001005477-00-002426.txt,-0.007407407407407408
205,1100992,02-03-2000,0001071787-00-000611.txt,0.0
206,1100989,03-02-2000,0001071787-00-000273.txt,0.0
207,350920,13-01-2000,0000950115-00-000043.txt,0.0
208,1072762,03-02-2000,0001071787-00-000302.txt,0.0
209,68366,21-03-2000,0000898822-00-000140.txt,0.0
210,1043604,15-05-2000,0000891618-00-002839.txt,0.010309278350515464
211,874265,04-04-2000,0000950116-00-000769.txt,-0.009009009009009009
212,1103347,22-05-2000,0000909518-00-000357.txt,0.0
213,930459,15-05-2000,0001024739-00-000363.txt,-0.004849660523763337
214,789570,17-04-2000,0000944209-00-000623.txt,-0.011049723756906077
215,1065986,18-05-2000,0000950129-00-002521.txt,-0.033112582781456956
216,1081987,10-04-2000,0001015402-00-000952.txt,-0.01630213286238283
217,51396,21-06-2000,0000051396-00-000017.txt,0.008583690987124463
218,1011736,30-06-2000,0000950124-00-004050.txt,0.0
219,884498,01-05-2000,0001072613-00-000546.txt,-0.022988505747126436
220,704292,22-08-2000,0000942794-00-000038.txt,0.009985734664764621
221,830340,07-09-2000,0000830340-00-000005.txt,0.004830917874396135
222,1040482,10-07-2000,0001079974-00-000085.txt,0.0
223,1075531,26-07-2000,0000950172-00-001297.txt,-0.009009009009009009
224,44570,31-07-2000,0000065984-00-000077.txt,0.003745318352059925
225,42542,21-07-2000,0000950152-00-005406.txt,0.0
226,1065983,05-07-2000,0000950123-00-006313.txt,-0.011904761904761904
227,1101367,17-07-2000,0000950133-00-002942.txt,-0.011144130757800892
228,1087216,09-08-2000,0000931763-00-001860.txt,-0.005076142131979695
229,1042185,18-07-2000,0001106013-00-000171.txt,0.0
230,315189,11-12-2000,0000315189-00-500031.txt,-0.007874015748031496
231,1038833,28-11-2000,0001045969-00-000909.txt,-0.0111731843575419
232,1096219,19-10-2000,0000891618-00-004904.txt,-0.027210884353741496
233,1110717,28-11-2000,0001056404-00-000622.txt,0.0
234,940716,03-11-2000,0000901309-00-000243.txt,-0.030913978494623656
235,1120243,08-11-2000,0001056404-00-000593.txt,0.0
236,1043065,20-12-2000,0001045969-00-001010.txt,0.0
237,80424,12-12-2000,0000080424-00-000057.txt,-0.0064516129032258064
238,1077175,30-11-2000,0000950130-00-006389.txt,0.0
239,18230,22-11-2000,0000018230-00-500030.txt,-0.03524229074889868
240,811785,22-02-2001,0000020405-01-000014.txt,0.0
241,7332,16-02-2001,0000007332-01-000023.txt,-0.008403361344537815
242,944868,16-01-2001,0000040730-01-500010.txt,-0.015703517587939697
243,852203,21-02-2001,0000898430-01-000731.txt,0.0
244,1065088,16-01-2001,0001095811-01-000186.txt,-0.031055900621118012
245,779733,08-03-2001,0000927016-01-001219.txt,0.02142857142857143
246,1019265,24-01-2001,0000950157-01-000061.txt,0.0
247,1110475,01-02-2001,0001038372-01-000005.txt,-0.046228710462287104
248,109380,29-01-2001,0000109380-01-000001.txt,0.0
249,1068132,25-01-2001,0001095811-01-000389.txt,-0.0106951871657754
250,1004980,02-05-2001,0001004980-01-500028.txt,-0.02835538752362949
251,915840,22-05-2001,0000912057-01-517154.txt,0.0
252,1103055,26-06-2001,0001103057-01-500008.txt,-0.026472534745201854
253,896495,04-06-2001,0000950134-01-502790.txt,-0.09051724137931035
254,1137644,31-05-2001,0000950131-01-501691.txt,0.0
255,723612,02-05-2001,0001005477-01-002946.txt,0.0
256,1096199,08-06-2001,0000891618-01-501090.txt,0.0
257,1080924,26-06-2001,0001084178-01-500165.txt,-0.002403846153846154
258,1083188,17-05-2001,0001019687-01-500247.txt,0.0
259,921503,31-05-2001,0000912057-01-518220.txt,0.0
260,1017527,20-09-2001,0001017527-01-500074.txt,-0.0040858018386108275
261,1135338,06-07-2001,0000950116-01-500463.txt,0.0
262,1036804,27-09-2001,0000950116-01-500876.txt,-0.04529616724738676
263,1081915,30-07-2001,0000930661-01-501334.txt,-0.0091324200913242
264,64394,30-08-2001,0000950172-01-500752.txt,0.0
265,1124862,27-09-2001,0000931731-01-500378.txt,-0.021383075523202913
266,1020265,27-07-2001,0000912057-01-525585.txt,0.0
267,7789,07-08-2001,0000893750-01-500266.txt,0.0
268,1045942,07-08-2001,0001010924-01-500054.txt,-0.02702702702702703
269,906709,10-07-2001,0000912057-01-523304.txt,0.0
270,905897,15-11-2001,0001021408-01-510344.txt,0.0
271,729922,11-12-2001,0000950123-01-509188.txt,0.0
272,1158663,20-11-2001,0001020242-01-500149.txt,-0.04655493482309125
273,1046607,05-10-2001,0000912057-01-534610.txt,-0.006289308176100629
274,918160,20-12-2001,0000931763-01-502530.txt,0.005813953488372093
275,906709,25-10-2001,0000912057-01-536549.txt,0.0
276,906410,26-10-2001,0000905148-01-501339.txt,-0.004901960784313725
277,916122,26-11-2001,0000915390-01-500041.txt,-0.06918238993710692
278,929008,24-10-2001,0000950128-01-500639.txt,0.0
279,933524,01-10-2001,0000891618-01-501809.txt,0.0
280,800240,26-02-2002,0000914760-02-000027.txt,0.0
281,1158327,10-01-2002,0001139514-02-000043.txt,0.0
282,94328,29-03-2002,0000912057-02-012729.txt,-0.020618556701030927
283,1018905,26-03-2002,0000882377-02-000202.txt,0.0
284,930835,07-01-2002,0000912057-02-000447.txt,0.0
285,839947,10-01-2002,0000839947-02-000007.txt,-0.011834319526627219
286,70145,25-01-2002,0000070145-02-000009.txt,-0.02823920265780731
287,856164,12-02-2002,0000927016-02-000695.txt,-0.0625
288,1094058,15-02-2002,0001021408-02-002463.txt,-0.017391304347826087
289,104030,08-03-2002,0000950144-02-002155.txt,-0.007731958762886598
290,19520,13-05-2002,0001104659-02-002027.txt,-0.00980392156862745
291,1010775,27-06-2002,0001010775-02-000041.txt,-0.06442577030812324
292,932858,25-06-2002,0000932858-02-000035.txt,0.0
293,1067462,26-06-2002,0001012975-02-000200.txt,-0.016
294,1162093,27-06-2002,0000906318-02-000066.txt,0.013235294117647059
295,837582,02-05-2002,0000950131-02-001784.txt,-0.012944983818770227
296,80424,30-04-2002,0000080424-02-000018.txt,0.0
297,1175598,27-06-2002,0001056404-02-000734.txt,-0.02543068088597211
298,937971,06-05-2002,0000927016-02-002593.txt,-0.008733624454148471
299,724606,18-06-2002,0000950124-02-002119.txt,-0.007874015748031496
300,821189,12-08-2002,0000821189-02-000027.txt,0.0
301,352510,04-09-2002,0000950123-02-008656.txt,0.0
302,1059376,03-09-2002,0001125282-02-002650.txt,0.0
303,1061890,03-07-2002,0000898430-02-002521.txt,-0.006896551724137931
304,1122976,12-08-2002,0000950152-02-006132.txt,0.0
305,350692,27-09-2002,0000950134-02-011829.txt,0.0
306,910079,23-08-2002,0000910079-02-000016.txt,0.0
307,66960,02-08-2002,0000912057-02-029678.txt,0.0
308,1012967,11-09-2002,0000950142-02-000868.txt,0.0
309,1159443,23-08-2002,0001159443-02-000006.txt,-0.038461538461538464
310,1170317,04-12-2002,0001071787-02-001317.txt,-0.02735562310030395
311,1180631,06-12-2002,0001047469-02-006054.txt,0.0
312,1030621,27-12-2002,0001030621-02-000024.txt,0.0
313,747435,27-12-2002,0000950144-02-013074.txt,0.003937007874015748
314,851560,11-10-2002,0001012870-02-004038.txt,-0.010309278350515464
315,880115,21-11-2002,0001104659-02-006602.txt,-0.00625
316,909793,20-11-2002,0000891618-02-005266.txt,0.0
317,10795,06-11-2002,0000950117-02-002596.txt,0.0
318,70145,04-10-2002,0000070145-02-000079.txt,-0.023305084745762712
319,726617,04-12-2002,9999999997-02-061026.txt,0.0
320,906410,28-02-2003,0000905148-03-000758.txt,0.0
321,314643,25-02-2003,0000950117-03-000808.txt,-0.01327433628318584
322,829549,10-02-2003,0000898430-03-001060.txt,-0.050793650793650794
323,1082471,18-03-2003,0000950168-03-000786.txt,0.007827788649706457
324,1173899,27-02-2003,0001173899-03-000003.txt,0.0
325,942138,23-01-2003,0000893220-03-000066.txt,-0.015151515151515152
326,1214899,26-03-2003,0001056404-03-000458.txt,-0.029057406094968107
327,832517,03-01-2003,0001094328-03-000001.txt,0.008368200836820083
328,788885,09-01-2003,0000910647-03-000008.txt,-0.01953125
329,1093691,09-01-2003,0000927016-03-000065.txt,-0.00909090909090909
330,1134061,17-06-2003,0001047469-03-021495.txt,0.0
331,30140,15-04-2003,0001144204-03-001726.txt,0.0
332,930738,01-05-2003,0000891020-03-001403.txt,-0.00819672131147541
333,105006,22-04-2003,0001104659-03-006984.txt,0.0
334,891103,19-06-2003,0001047469-03-021694.txt,0.0
335,1072688,25-04-2003,0001104659-03-007360.txt,0.0
336,1195454,25-06-2003,0000950134-03-009477.txt,0.0
337,78003,22-04-2003,0000078003-03-000021.txt,0.0
338,880432,06-05-2003,0001015402-03-001607.txt,0.0
339,1116190,23-06-2003,0001116190-03-000006.txt,0.0
340,921112,22-07-2003,0000893220-03-001255.txt,0.0
341,936402,15-07-2003,0000950162-03-001014.txt,0.0
342,1127703,08-07-2003,0000950144-03-008404.txt,-0.007692307692307693
343,1237832,11-07-2003,0000905148-03-002560.txt,0.0
344,1158327,05-09-2003,0001223995-03-000058.txt,0.0
345,1211755,29-07-2003,0001056404-03-001263.txt,-0.07538167938931298
346,923147,22-08-2003,0000905148-03-003005.txt,-0.004329004329004329
347,1199114,27-08-2003,0000950134-03-012286.txt,0.0
348,1221357,03-09-2003,0001051170-03-000518.txt,-0.0327455919395466
349,60667,18-08-2003,0000060667-03-000136.txt,0.0
350,777199,10-10-2003,0000950123-03-011284.txt,0.006493506493506494
351,1038363,30-10-2003,0001104659-03-024238.txt,-0.007957559681697613
352,753048,22-12-2003,0001193125-03-097571.txt,-0.05851063829787234
353,1046861,18-12-2003,0001046861-03-000092.txt,-0.013114754098360656
354,1013462,05-11-2003,0000891092-03-003150.txt,0.0
355,1022469,12-12-2003,0001193125-03-093240.txt,0.0
356,1081316,17-10-2003,0001081316-03-000019.txt,0.0
357,22767,18-12-2003,0001193125-03-096588.txt,0.020689655172413793
358,1174299,09-10-2003,0001261798-03-000079.txt,0.0
359,73902,03-12-2003,0000903423-03-000999.txt,-0.008264462809917356
360,723612,06-02-2004,0001047469-04-003490.txt,0.0
361,318245,16-03-2004,0001144204-04-003077.txt,-0.001834862385321101
362,65632,06-02-2004,0000950124-04-000331.txt,-0.006289308176100629
363,791908,01-03-2004,0000950162-04-000277.txt,0.012195121951219513
364,1176265,06-01-2004,0001071787-04-000015.txt,-0.023668639053254437
365,351532,17-03-2004,0000351532-04-000010.txt,0.0
366,1172412,06-01-2004,0001056404-04-000011.txt,-0.08258928571428571
367,854398,30-01-2004,0000950134-04-000912.txt,0.0
368,50957,18-02-2004,0000050957-04-000050.txt,0.0
369,932127,12-01-2004,0001144204-04-000202.txt,-0.043478260869565216
370,1102944,13-04-2004,0001002014-04-000176.txt,-0.02531645569620253
371,896726,05-05-2004,0001137171-04-000567.txt,0.006493506493506494
372,95304,22-04-2004,0001193125-04-067409.txt,0.0
373,1071993,21-06-2004,0001157523-04-005811.txt,0.0
374,100548,28-04-2004,0000893220-04-000819.txt,0.0
375,1285515,04-06-2004,0001056404-04-001825.txt,-0.07906976744186046
376,1139552,22-06-2004,0001104659-04-017557.txt,0.0
377,885720,12-05-2004,0001193125-04-086144.txt,0.0
378,949228,21-04-2004,0000942708-04-000104.txt,0.0
379,319687,02-06-2004,0000319687-04-000052.txt,0.0
380,1145547,13-07-2004,0000942708-04-000214.txt,0.0
381,1130713,27-09-2004,0001047469-04-029653.txt,0.01282051282051282
382,814055,24-08-2004,0000950129-04-006411.txt,-0.02572347266881029
383,1004980,14-07-2004,0001004980-04-000167.txt,0.005060728744939271
384,69499,30-08-2004,0000950152-04-006557.txt,-0.02040816326530612
385,1245823,02-07-2004,0001285923-04-000693.txt,0.0
386,869090,22-07-2004,0001125282-04-003432.txt,0.0
387,74585,06-08-2004,0000950117-04-002850.txt,0.0
388,1241199,26-07-2004,0000950133-04-002879.txt,0.0
389,1071992,20-07-2004,0000914317-04-002772.txt,0.0
390,1051628,09-11-2004,0000893220-04-002433.txt,0.0
391,1051251,23-11-2004,0001047469-04-035126.txt,-0.0013351134846461949
392,1305630,25-10-2004,0000950116-04-003142.txt,0.003205128205128205
393,1224157,29-12-2004,0001277607-04-000015.txt,0.0072992700729927005
394,756767,01-11-2004,0001116502-04-002541.txt,0.0036363636363636364
395,1133421,13-10-2004,0001193125-04-170491.txt,-0.005037783375314861
396,880584,03-11-2004,0001176721-04-000397.txt,0.005376344086021506
397,6885,07-10-2004,0000006885-04-000061.txt,0.003787878787878788
398,805264,16-12-2004,0001157523-04-011574.txt,0.006329113924050633
399,1077688,14-10-2004,0001193125-04-171541.txt,0.007194244604316547
400,902274,12-01-2005,0000950152-05-000184.txt,0.005235602094240838
401,713275,28-02-2005,0001169232-05-001366.txt,0.009708737864077669
402,862255,10-02-2005,0000862255-05-000018.txt,-0.059907834101382486
403,1037868,27-01-2005,0000893220-05-000163.txt,0.00641025641025641
404,230557,01-02-2005,0000950172-05-000307.txt,0.006802721088435374
405,932064,31-01-2005,0001299933-05-000427.txt,0.014134275618374558
406,824169,23-02-2005,0001299933-05-000883.txt,0.01015228426395939
407,1222840,07-03-2005,0001222840-05-000031.txt,0.01881331403762663
408,3153,25-01-2005,0000092122-05-000042.txt,0.004282655246252677
409,1314266,14-03-2005,0001193125-05-049538.txt,0.0
410,1137106,20-04-2005,0001056404-05-001931.txt,-0.03114754098360656
411,1064990,18-04-2005,0001104659-05-016897.txt,-0.017735334242837655
412,1083132,24-06-2005,0001275287-05-002318.txt,0.0058823529411764705
413,804154,24-06-2005,0001193125-05-130921.txt,-0.0019083969465648854
414,808450,14-04-2005,0000808450-05-000065.txt,0.005847953216374269
415,1328933,15-06-2005,0000950116-05-002178.txt,0.0
416,1003197,11-05-2005,0000882377-05-001173.txt,0.003367003367003367
417,48465,07-06-2005,0001104659-05-027107.txt,0.005494505494505495
418,1202507,03-06-2005,0001019687-05-001582.txt,0.0029239766081871343
419,1316782,02-06-2005,0001020242-05-000657.txt,-0.05426356589147287
420,1319477,28-07-2005,0001056404-05-002605.txt,-0.05982641041537508
421,1334267,15-09-2005,0001334267-05-000005.txt,0.0
422,916529,15-08-2005,0001144204-05-025175.txt,0.0
423,1069878,28-07-2005,0001157523-05-006679.txt,0.007462686567164179
424,1321983,27-09-2005,0001020242-05-001034.txt,-0.03389084507042254
425,917273,14-07-2005,0001193125-05-142319.txt,0.006060606060606061
426,1316573,16-08-2005,0001104659-05-039942.txt,0.0053475935828877
427,225648,11-08-2005,0000950137-05-010077.txt,0.0051813471502590676
428,830134,23-09-2005,0001193125-05-190576.txt,0.019230769230769232
429,1134982,19-08-2005,0001125282-05-004428.txt,-0.006756756756756757
430,1331568,30-12-2005,0001020242-05-001471.txt,-0.04507042253521127
431,808851,01-11-2005,0001162318-05-000961.txt,0.0035971223021582736
432,1288741,25-10-2005,0001104659-05-050076.txt,0.006622516556291391
433,1089982,06-10-2005,0001171520-05-000351.txt,0.0
434,71525,20-10-2005,0000950123-05-012310.txt,0.0
435,1337818,05-12-2005,0001343147-05-000002.txt,0.006493506493506494
436,1333170,01-12-2005,0000950135-05-006745.txt,0.005128205128205128
437,45947,18-10-2005,0000930413-05-007140.txt,0.005747126436781609
438,872121,01-11-2005,0000888239-05-000292.txt,0.0
439,1038133,18-10-2005,0001038133-05-000039.txt,0.006493506493506494
440,350524,08-02-2006,0001213900-06-000146.txt,-0.004098360655737705
441,726513,01-02-2006,0001104659-06-005173.txt,0.008849557522123894
442,1062822,09-01-2006,0000950129-06-000126.txt,0.03
443,57139,15-02-2006,0000057139-06-000013.txt,0.004694835680751174
444,1158058,26-01-2006,0000893220-06-000140.txt,0.00816326530612245
445,711303,30-01-2006,0001104659-06-004795.txt,-0.06493506493506493
446,763744,16-02-2006,0001169232-06-000928.txt,0.006060606060606061
447,1108348,08-02-2006,0000839947-06-000009.txt,0.004651162790697674
448,866830,28-02-2006,0001181431-06-014828.txt,-0.004073319755600814
449,110471,17-02-2006,0000905729-06-000121.txt,0.004608294930875576
450,66382,28-06-2006,0000926044-06-000328.txt,0.006666666666666667
451,1284293,11-05-2006,0001104659-06-033723.txt,0.005291005291005291
452,906709,07-06-2006,0001193125-06-125833.txt,0.004975124378109453
453,316793,19-05-2006,0001104659-06-036367.txt,0.0037593984962406013
454,711422,05-04-2006,0001056520-06-000059.txt,-0.0023148148148148147
455,1338401,16-06-2006,0000950123-06-007802.txt,0.0
456,1084421,07-04-2006,0001013816-06-000340.txt,-0.027522935779816515
457,867665,25-05-2006,0000867665-06-000033.txt,0.007142857142857143
458,57131,23-05-2006,0000057131-06-000015.txt,0.008445945945945946
459,1290476,28-04-2006,0001002105-06-000104.txt,0.0
460,1163003,01-09-2006,0001127855-06-000474.txt,-0.003787878787878788
461,924515,22-08-2006,0000924515-06-000024.txt,0.00684931506849315
462,1118037,19-09-2006,0001104659-06-061836.txt,0.0
463,1173394,07-08-2006,0000895345-06-000744.txt,0.006666666666666667
464,1357062,07-08-2006,0001104659-06-052065.txt,0.005952380952380952
465,706698,02-08-2006,0001096906-06-000745.txt,0.0
466,1125001,27-07-2006,0000950133-06-003411.txt,-0.004424778761061947
467,92339,18-09-2006,0001193125-06-192169.txt,-0.031578947368421054
468,1120792,11-08-2006,0001120792-06-000071.txt,0.0
469,1294649,27-09-2006,0000921895-06-002028.txt,-0.024242424242424242
470,948072,03-10-2006,0001005444-06-000078.txt,0.007518796992481203
471,930548,04-12-2006,0000898822-06-001417.txt,0.003861003861003861
472,1372830,12-10-2006,0000950136-06-008515.txt,0.0034602076124567475
473,1122099,20-10-2006,0000897101-06-002146.txt,-0.008948545861297539
474,77597,11-12-2006,0000950137-06-013474.txt,0.007194244604316547
475,910619,02-11-2006,0001104659-06-070637.txt,0.005649717514124294
476,719209,13-12-2006,0001188112-06-003709.txt,-0.014218009478672985
477,948846,20-11-2006,0001193125-06-239048.txt,0.006711409395973154
478,1006424,27-10-2006,0001065407-06-000525.txt,0.007518796992481203
479,830748,11-12-2006,0001193125-06-250051.txt,0.0
480,1014343,28-02-2007,0001104659-07-014841.txt,-0.03125
481,878726,11-01-2007,0001104659-07-002047.txt,0.006711409395973154
482,1003642,20-03-2007,0000893220-07-000840.txt,0.005847953216374269
483,1084750,05-02-2007,0000950135-07-000501.txt,0.005917159763313609
484,355999,27-02-2007,0001104659-07-014260.txt,0.0075
485,1040470,04-01-2007,0001040470-07-000002.txt,0.005780346820809248
486,1060349,16-01-2007,0001157523-07-000270.txt,0.007518796992481203
487,1163609,16-01-2007,0001104659-07-002700.txt,-0.022222222222222223
488,1325228,07-02-2007,0001104659-07-007795.txt,0.005813953488372093
489,909108,02-02-2007,0000909108-07-000014.txt,0.0
490,943061,08-05-2007,0001193125-07-106255.txt,0.005780346820809248
491,1015920,27-06-2007,0001019687-07-001929.txt,0.0015698587127158557
492,1130713,06-06-2007,0001104659-07-045748.txt,-0.0072992700729927005
493,891024,24-05-2007,0001193125-07-122177.txt,0.007518796992481203
494,10081,09-05-2007,0000950123-07-007046.txt,0.004807692307692308
495,37651,01-05-2007,0001015325-07-000164.txt,0.008264462809917356
496,1052045,28-06-2007,0001104659-07-050883.txt,0.005813953488372093
497,83125,20-04-2007,0000083125-07-000013.txt,0.005555555555555556
498,849399,02-04-2007,0000950134-07-007199.txt,0.006329113924050633
499,1038459,23-04-2007,0000926044-07-000157.txt,0.005235602094240838
500,1305451,20-07-2007,0001085037-07-001678.txt,0.0
501,850660,03-07-2007,0000950137-07-009656.txt,-0.00980392156862745
502,714560,05-07-2007,0000950153-07-001449.txt,0.004273504273504274
503,1001233,24-07-2007,0001144204-07-038033.txt,0.007874015748031496
504,1043604,18-07-2007,0001299933-07-004247.txt,-0.00612088752869166
505,104918,01-08-2007,0001193125-07-167568.txt,0.005025125628140704
506,1360886,26-07-2007,0001104659-07-056542.txt,0.007722007722007722
507,1344154,23-07-2007,0001104659-07-055457.txt,0.0033783783783783786
508,352998,20-08-2007,0000950156-07-000518.txt,0.008849557522123894
509,1145238,07-08-2007,0001104659-07-059267.txt,-0.019952114924181964
510,1092959,10-12-2007,0001176256-07-000740.txt,0.005119453924914676
511,1044435,28-12-2007,0001193125-07-272773.txt,0.0028653295128939827
512,783324,19-10-2007,0001104659-07-075687.txt,0.008620689655172414
513,1280396,20-11-2007,0001204459-07-001797.txt,0.0
514,1086142,15-11-2007,0001144204-07-061917.txt,0.007936507936507936
515,718789,05-11-2007,0001104659-07-079774.txt,-0.008658008658008658
516,1004980,12-12-2007,0001004980-07-000238.txt,0.010178117048346057
517,74260,26-10-2007,0000074260-07-000111.txt,0.007407407407407408
518,1043382,21-12-2007,0001043382-07-000026.txt,-0.024509803921568627
519,789019,19-10-2007,0001193125-07-221457.txt,0.0033222591362126247
520,1010610,12-03-2008,0001299933-08-001336.txt,0.006802721088435374
521,924396,12-03-2008,0001361773-08-000020.txt,-0.008928571428571428
522,891456,03-03-2008,0001193125-08-044478.txt,0.0
523,1378950,06-03-2008,0001378950-08-000007.txt,0.005988023952095809
524,732712,28-03-2008,0001193125-08-069254.txt,0.007194244604316547
525,1110805,25-01-2008,0001193125-08-012120.txt,0.0035714285714285713
526,1283630,27-02-2008,0000950134-08-003565.txt,-0.0038910505836575876
527,827052,14-03-2008,0001193125-08-056787.txt,0.0047169811320754715
528,1045609,29-01-2008,0000950134-08-001244.txt,-0.01422475106685633
529,1100878,20-03-2008,0000905148-08-001610.txt,-0.013513513513513514
530,1028153,27-06-2008,0001144204-08-037244.txt,-0.030425963488843813
531,1398632,28-04-2008,0001144204-08-024525.txt,0.0
532,945699,22-05-2008,0001157523-08-004540.txt,0.006666666666666667
533,1326771,10-04-2008,0001299933-08-001904.txt,0.01182033096926714
534,1418696,04-06-2008,0000950124-08-002608.txt,-0.0014947683109118087
535,1075531,02-06-2008,0001104659-08-037111.txt,0.005555555555555556
536,803647,07-04-2008,0001116679-08-001010.txt,-0.01697792869269949
537,1288741,07-05-2008,0001193125-08-105920.txt,0.006802721088435374
538,855654,09-06-2008,0001104659-08-038687.txt,0.008064516129032258
539,720005,29-05-2008,0000720005-08-000081.txt,0.0
540,1080667,21-08-2008,0001104659-08-054313.txt,0.005494505494505495
541,918160,29-08-2008,0000918160-08-000035.txt,0.006802721088435374
542,746967,24-09-2008,0001144204-08-054278.txt,0.006134969325153374
543,1283334,18-09-2008,0001068238-08-000873.txt,-0.0025380710659898475
544,1311344,07-07-2008,0001078782-08-000896.txt,0.00784313725490196
545,850414,15-08-2008,0001104659-08-053234.txt,0.0055248618784530384
546,1290900,14-08-2008,0000950137-08-010722.txt,0.00390625
547,845698,15-07-2008,0000913849-08-000368.txt,0.0
548,1352952,17-09-2008,0001266454-08-000473.txt,0.0
549,737207,25-09-2008,0001299933-08-004496.txt,0.017123287671232876
550,1168895,21-11-2008,0001085037-08-000956.txt,-0.008695652173913044
551,1203944,01-12-2008,0001203944-08-000041.txt,0.007874015748031496
552,845434,17-11-2008,0001193125-08-237678.txt,-0.01195219123505976
553,1063997,09-12-2008,0001157523-08-009746.txt,0.004032258064516129
554,932628,15-10-2008,0001299933-08-004798.txt,0.006024096385542169
555,1040721,14-10-2008,0001079973-08-000943.txt,-0.0055248618784530384
556,1389168,12-11-2008,0001193125-08-232835.txt,0.004524886877828055
557,835887,01-12-2008,0000835887-08-000053.txt,0.005847953216374269
558,917523,14-11-2008,0001193125-08-236149.txt,0.007462686567164179
559,1263813,31-10-2008,0001362310-08-006399.txt,0.006060606060606061
560,1108727,05-03-2009,0001104659-09-014709.txt,0.007874015748031496
561,936340,20-03-2009,0000950152-09-002927.txt,0.0
562,1381531,05-02-2009,0001193125-09-019440.txt,-0.02564102564102564
563,1224370,13-03-2009,0000892569-09-000191.txt,-0.009375
564,816761,12-02-2009,0001193125-09-026279.txt,0.005050505050505051
565,804561,04-02-2009,0001002105-09-000026.txt,-0.008018327605956471
566,802206,02-02-2009,0001013762-09-000162.txt,-0.012698412698412698
567,1294808,02-03-2009,0001174947-09-000075.txt,-0.0110803324099723
568,46080,18-02-2009,0000046080-09-000014.txt,0.007009345794392523
569,1140028,31-03-2009,0001144204-09-017815.txt,0.005376344086021506
570,794367,13-05-2009,0000794367-09-000097.txt,-0.013071895424836602
571,750556,15-05-2009,0001193125-09-112369.txt,0.006329113924050633
572,27904,01-05-2009,0001019687-09-001566.txt,-0.016233766233766232
573,1369140,03-04-2009,0001369140-09-000030.txt,0.005291005291005291
574,1065201,11-05-2009,0001193125-09-107127.txt,0.015151515151515152
575,1305014,26-05-2009,0001305014-09-000042.txt,0.0037313432835820895
576,826154,27-04-2009,0001193125-09-087821.txt,0.006993006993006993
577,51644,18-05-2009,0000903423-09-000474.txt,-0.010869565217391304
578,1133421,22-04-2009,0000950134-09-008071.txt,0.007874015748031496
579,718130,14-05-2009,0001193125-09-111552.txt,0.002036659877800407
580,1449709,28-08-2009,0001144204-09-046113.txt,0.0028735632183908046
581,217346,16-07-2009,0000217346-09-000110.txt,-0.002331002331002331
582,752431,23-07-2009,0000752431-09-000042.txt,0.007246376811594203
583,897893,10-09-2009,0001144204-09-047876.txt,0.005988023952095809
584,1382134,05-08-2009,0000950123-09-029726.txt,-0.018404907975460124
585,1157647,15-09-2009,0001144204-09-048505.txt,0.007194244604316547
586,1058438,19-08-2009,0001058438-09-000029.txt,0.008547008547008548
587,934612,24-09-2009,0001193125-09-197175.txt,0.0
588,1082510,28-07-2009,0001082510-09-000040.txt,0.006711409395973154
589,1285701,24-07-2009,0001136261-09-000215.txt,0.005681818181818182
590,927417,21-12-2009,0001104659-09-070841.txt,0.0051813471502590676
591,1039542,09-11-2009,0000950142-09-001793.txt,-0.07242339832869081
592,1420070,13-11-2009,0000950123-09-062099.txt,0.006097560975609756
593,1039151,05-11-2009,0001144204-09-056628.txt,0.005405405405405406
594,1365555,04-11-2009,0001144204-09-056310.txt,0.007407407407407408
595,897067,25-11-2009,0001193125-09-242226.txt,-0.012389380530973451
596,1365790,05-11-2009,0000950123-09-057989.txt,0.0
597,1330399,17-12-2009,0001299933-09-004959.txt,0.0069605568445475635
598,719413,02-12-2009,0000897101-09-002491.txt,-0.00975609756097561
599,1001601,15-10-2009,0001144204-09-053113.txt,-0.019801980198019802
600,1140486,12-02-2010,0001193125-10-030650.txt,0.017921146953405017
601,815093,24-02-2010,0000897101-10-000310.txt,0.006369426751592357
602,929008,28-01-2010,0000950123-10-005969.txt,0.006622516556291391
603,1454238,25-01-2010,0001116502-10-000084.txt,-0.054817275747508304
604,1167887,16-03-2010,0001085037-10-000107.txt,0.007575757575757576
605,1340752,26-03-2010,0001193125-10-068500.txt,0.0
606,1405495,25-02-2010,0000950123-10-016827.txt,0.008771929824561403
607,1005201,04-03-2010,0001104659-10-012136.txt,0.008
608,1362516,02-03-2010,0001091818-10-000073.txt,0.0
609,1396838,05-01-2010,0000950123-10-000240.txt,-0.007231404958677686
610,918580,05-05-2010,0001144204-10-024444.txt,0.0053475935828877
611,846617,12-05-2010,0000950123-10-048496.txt,0.0
612,35214,20-04-2010,0001299933-10-001539.txt,0.0070921985815602835
613,1022899,29-06-2010,0001144204-10-035687.txt,-0.00641025641025641
614,1163609,20-05-2010,0001144204-10-029305.txt,0.004098360655737705
615,1471261,06-05-2010,0001104659-10-026140.txt,-0.0045871559633027525
616,1358071,18-06-2010,0000950123-10-059297.txt,-0.01984126984126984
617,54681,14-06-2010,0000054681-10-000016.txt,0.0
618,356130,27-05-2010,0001140361-10-023246.txt,0.0
619,911421,01-04-2010,0000950103-10-000958.txt,0.0070921985815602835
620,78100,31-08-2010,0001193125-10-201633.txt,-0.005050505050505051
621,1139463,19-08-2010,0000950123-10-079163.txt,-0.014522821576763486
622,804123,24-09-2010,0001144204-10-050796.txt,0.00684931506849315
623,56978,10-08-2010,0001144204-10-042569.txt,0.002136752136752137
624,785161,29-09-2010,0001193125-10-219795.txt,0.0027397260273972603
625,1410636,04-08-2010,0001193125-10-177236.txt,0.005780346820809248
626,1331463,19-08-2010,0001104659-10-045173.txt,0.0
627,895516,13-07-2010,0001157523-10-004004.txt,0.006024096385542169
628,1417425,02-09-2010,0001213900-10-003680.txt,0.004807692307692308
629,350832,20-09-2010,0000950123-10-087445.txt,-0.03303964757709251
630,721237,17-11-2010,0001193125-10-263112.txt,-0.004341534008683068
631,914208,12-10-2010,0000914208-10-000390.txt,0.007751937984496124
632,798287,27-10-2010,0000798287-10-000027.txt,0.0
633,1368993,15-11-2010,0001144204-10-060644.txt,0.008333333333333333
634,1324518,12-11-2010,0000950123-10-104733.txt,0.0
635,1432244,20-10-2010,0001104659-10-052913.txt,-0.04744525547445255
636,1360474,17-12-2010,0001193125-10-283327.txt,-0.012903225806451613
637,1090872,12-11-2010,0001104659-10-057827.txt,0.002976190476190476
638,352736,27-12-2010,0001104659-10-064259.txt,0.004651162790697674
639,1380393,21-12-2010,0001193125-10-285604.txt,-0.015306122448979591
640,59440,20-01-2011,0000950123-11-004166.txt,-0.003703703703703704
641,1333763,21-03-2011,0001193125-11-072528.txt,-0.044444444444444446
642,1288750,17-02-2011,0001052918-11-000069.txt,0.01020408163265306
643,1434838,15-02-2011,0001193125-11-036341.txt,0.0
644,1027207,18-01-2011,0001171843-11-000119.txt,0.008
645,731122,26-01-2011,0000950123-11-005426.txt,0.007407407407407408
646,1061219,17-02-2011,0001061219-11-000005.txt,0.005714285714285714
647,34408,14-03-2011,0001157523-11-001569.txt,0.006711409395973154
648,874016,24-03-2011,0000874016-11-000012.txt,0.0
649,916085,14-03-2011,0001299933-11-000806.txt,-0.0511727078891258
650,1316944,28-04-2011,0001181431-11-025780.txt,0.0
651,810509,16-06-2011,0001144204-11-036072.txt,-0.03089887640449438
652,1334478,04-04-2011,0000950123-11-032511.txt,-0.0035335689045936395
653,1464963,14-06-2011,0001193125-11-164607.txt,-0.010309278350515464
654,1433593,08-04-2011,0001144204-11-021091.txt,0.0
655,842023,04-05-2011,0000950123-11-044312.txt,-0.004914004914004914
656,1393935,22-04-2011,0001013762-11-001141.txt,-0.00411522633744856
657,1436126,12-04-2011,0001019056-11-000414.txt,-0.0031496062992125984
658,1410012,10-05-2011,0001165527-11-000425.txt,-0.0205761316872428
659,894405,26-04-2011,0001104659-11-022411.txt,0.008733624454148471
660,1046050,27-07-2011,0000939057-11-000222.txt,0.00847457627118644
661,1024520,29-07-2011,0001144204-11-042780.txt,-0.028662420382165606
662,784011,13-07-2011,0001157523-11-003987.txt,0.007042253521126761
663,1183276,19-09-2011,0001157523-11-005440.txt,0.008771929824561403
664,935419,03-08-2011,0001144204-11-043565.txt,0.0
665,860748,29-08-2011,0000860748-11-000109.txt,-0.015772870662460567
666,884497,24-08-2011,0000950123-11-079716.txt,-0.0033444816053511705
667,703604,16-08-2011,0000950123-11-077837.txt,0.006622516556291391
668,86521,26-09-2011,0000086521-11-000080.txt,0.007042253521126761
669,1404079,13-07-2011,0001144204-11-040224.txt,0.005050505050505051
670,728249,28-10-2011,0000950123-11-092757.txt,0.0072992700729927005
671,730708,03-11-2011,0001144204-11-061124.txt,0.0064516129032258064
672,1411974,25-10-2011,0000950123-11-091783.txt,0.006802721088435374
673,711665,04-11-2011,0000711665-11-000022.txt,-0.009316770186335404
674,1426804,14-10-2011,0001078782-11-003007.txt,-0.00847457627118644
675,731802,15-11-2011,0001193125-11-313077.txt,-0.012953367875647668
676,43350,06-12-2011,0001193125-11-331645.txt,0.008403361344537815
677,1372664,27-12-2011,0001372664-11-000091.txt,-0.01282051282051282
678,80124,17-11-2011,0000080124-11-000045.txt,0.007518796992481203
679,1227930,03-11-2011,0001193125-11-295114.txt,0.005988023952095809
680,865436,17-02-2012,0001104659-12-010889.txt,-0.006535947712418301
681,1004155,22-02-2012,0001004155-12-000016.txt,0.005747126436781609
682,919443,09-02-2012,0001193125-12-049529.txt,-0.017241379310344827
683,1389870,17-01-2012,0000950123-12-000814.txt,0.005263157894736842
684,1382696,16-03-2012,0001104659-12-018930.txt,-0.0078125
685,927003,23-03-2012,0001445305-12-000755.txt,0.014563106796116505
686,74303,27-02-2012,0000074303-12-000030.txt,0.0
687,40987,05-01-2012,0001299933-12-000037.txt,0.012269938650306749
688,1436126,09-02-2012,0001104659-12-008145.txt,-0.002421307506053269
689,1380393,17-02-2012,0001181431-12-009934.txt,-0.003395585738539898
690,944745,10-04-2012,0001193125-12-156385.txt,0.007142857142857143
691,1061393,24-04-2012,0000898822-12-000180.txt,0.005291005291005291
692,867773,03-05-2012,0001193125-12-208521.txt,0.006622516556291391
693,703604,17-05-2012,0001299933-12-001224.txt,0.0
694,85974,29-05-2012,0001104659-12-040338.txt,-0.00423728813559322
695,1230276,23-05-2012,0001193125-12-245085.txt,0.005952380952380952
696,714310,26-04-2012,0001193125-12-184255.txt,-0.004784688995215311
697,4515,30-04-2012,0000006201-12-000045.txt,-0.03621730382293763
698,16058,27-06-2012,0001193125-12-284745.txt,-0.01939655172413793
699,1230245,20-04-2012,0001299933-12-000922.txt,-0.007874015748031496
700,1101215,26-07-2012,0001101215-12-000177.txt,0.03684210526315789
701,1202273,24-07-2012,0001193125-12-312414.txt,-0.015224358974358974
702,882873,24-07-2012,0000897101-12-001220.txt,0.006289308176100629
703,1499912,13-08-2012,0001144204-12-044820.txt,0.0
704,1338690,14-08-2012,0001193125-12-354628.txt,0.005681818181818182
705,866829,24-07-2012,0000866829-12-000039.txt,0.004464285714285714
706,914208,10-08-2012,0000914208-12-000463.txt,0.007751937984496124
707,5272,20-08-2012,0001193125-12-361490.txt,0.006134969325153374
708,1042642,26-07-2012,0001104659-12-051514.txt,-0.01615798922800718
709,1429260,04-09-2012,0001193125-12-379125.txt,0.007936507936507936
710,1178727,13-11-2012,0001013762-12-002067.txt,0.00641025641025641
711,104894,26-10-2012,0000104894-12-000113.txt,0.0056179775280898875
712,1136463,25-10-2012,0001144204-12-057618.txt,0.0
713,1060386,27-12-2012,0000790816-12-000141.txt,0.005494505494505495
714,1028734,09-11-2012,0001104659-12-076689.txt,0.009174311926605505
715,1080014,18-12-2012,0001102624-12-001007.txt,0.005952380952380952
716,795266,20-12-2012,0000795266-12-000011.txt,0.005555555555555556
717,1355855,19-10-2012,0000914317-12-001399.txt,0.00819672131147541
718,885322,30-11-2012,0001193125-12-487306.txt,-0.0149812734082397
719,1075706,24-10-2012,0001193125-12-433052.txt,0.006369426751592357
720,889971,04-02-2013,0001387131-13-000265.txt,-0.021621621621621623
721,1376812,05-02-2013,0001193125-13-038757.txt,-0.0025974025974025974
722,1070750,26-02-2013,0001193125-13-076925.txt,0.0
723,1056358,15-02-2013,0001140361-13-007837.txt,0.009523809523809525
724,830656,13-02-2013,0000830656-13-000014.txt,-0.0078125
725,1253986,15-02-2013,0001171843-13-000610.txt,0.008547008547008548
726,1419559,31-01-2013,0001543562-13-000004.txt,0.00425531914893617
727,1281922,14-02-2013,0001104659-13-010524.txt,-0.003355704697986577
728,814549,18-03-2013,0000814549-13-000002.txt,0.006329113924050633
729,845698,05-03-2013,0000913849-13-000064.txt,0.0
730,81955,01-05-2013,0001193125-13-192160.txt,-0.009259259259259259
731,1057436,03-06-2013,0001445305-13-001414.txt,0.0
732,1075531,09-05-2013,0001075531-13-000026.txt,0.004273504273504274
733,1023128,02-05-2013,0001437749-13-005194.txt,-0.020933977455716585
734,1022671,11-04-2013,0001104659-13-028600.txt,-0.009174311926605505
735,1355001,28-05-2013,0001398987-13-000091.txt,-0.008403361344537815
736,1488309,28-06-2013,0001117768-13-000352.txt,0.0021321961620469083
737,1348952,27-06-2013,0000065984-13-000155.txt,0.004761904761904762
738,886128,20-06-2013,0001193125-13-264701.txt,-0.005405405405405406
739,1000697,23-04-2013,0001193125-13-165975.txt,0.007246376811594203
740,1473597,31-07-2013,0001104659-13-058373.txt,0.0056179775280898875
741,1323468,08-08-2013,0001157523-13-003985.txt,0.003952569169960474
742,1023313,24-07-2013,0001193125-13-300587.txt,0.005277044854881266
743,1352010,08-08-2013,0001140361-13-031173.txt,0.0048543689320388345
744,1329606,08-08-2013,0001504412-13-000308.txt,-0.0064516129032258064
745,1379006,08-07-2013,0001144204-13-038606.txt,-0.010101010101010102
746,1331463,11-07-2013,0001331463-13-000105.txt,0.0
747,1001601,10-07-2013,0001144204-13-038953.txt,0.015151515151515152
748,1019849,30-08-2013,0001299933-13-001575.txt,0.006097560975609756
749,1399935,10-07-2013,0001144204-13-038980.txt,0.0
750,1473971,25-11-2013,0001091818-13-000460.txt,-0.022813688212927757
751,1562463,25-10-2013,0001144204-13-056810.txt,0.0072992700729927005
752,1041061,21-11-2013,0001041061-13-000048.txt,0.006711409395973154
753,1027099,05-12-2013,0001185185-13-002631.txt,-0.005813953488372093
754,826675,07-10-2013,0000826675-13-000036.txt,-0.00949367088607595
755,703360,23-10-2013,0001193125-13-408151.txt,-0.013292433537832311
756,1331463,20-12-2013,0001331463-13-000210.txt,0.0
757,1032033,16-10-2013,0001193125-13-401072.txt,0.007692307692307693
758,1311241,22-10-2013,0001311241-13-000228.txt,0.003389830508474576
759,736772,23-10-2013,0001193125-13-407419.txt,0.008333333333333333
760,75488,27-02-2014,0001193125-14-071280.txt,0.004149377593360996
761,1279363,06-02-2014,0001279363-14-000025.txt,-0.03398692810457516
762,1347178,13-02-2014,0001193125-14-049534.txt,-0.02702702702702703
763,922358,28-02-2014,0001299933-14-000321.txt,0.0056179775280898875
764,40729,21-03-2014,0000040729-14-000012.txt,-0.014285714285714285
765,1467760,21-03-2014,0001193125-14-110593.txt,-0.015037593984962405
766,1408287,29-01-2014,0001104659-14-004872.txt,-0.07692307692307693
767,1094238,03-02-2014,0001193125-14-032084.txt,-0.030272452068617558
768,869986,07-03-2014,0001157523-14-001011.txt,-0.04147031102733271
769,885508,31-03-2014,0000885508-14-000002.txt,0.007352941176470588
770,701869,16-05-2014,0000701869-14-000025.txt,-0.01020408163265306
771,920465,30-04-2014,0000920465-14-000040.txt,0.005555555555555556
772,927628,13-05-2014,0001193125-14-195856.txt,0.0
773,63908,27-05-2014,0000063908-14-000037.txt,0.004784688995215311
774,1421461,30-04-2014,0001421461-14-000009.txt,0.0064516129032258064
775,816761,08-05-2014,0001193125-14-188927.txt,0.010309278350515464
776,1503711,07-04-2014,0001445305-14-001293.txt,-0.009985734664764621
777,1556739,30-05-2014,0001104659-14-042952.txt,0.013812154696132596
778,1607641,11-06-2014,0001539497-14-000735.txt,0.000946969696969697
779,1398797,07-05-2014,0001144204-14-028054.txt,0.006211180124223602
780,1232582,08-08-2014,0001232582-14-000070.txt,0.006493506493506494
781,1022671,05-09-2014,0001104659-14-064824.txt,0.006756756756756757
782,1315257,21-08-2014,0001193125-14-317090.txt,-0.02053915275994865
783,1478454,01-07-2014,0001171843-14-003094.txt,0.0064516129032258064
784,1017673,16-09-2014,0001193125-14-343029.txt,0.0025906735751295338
785,1129542,28-08-2014,0001096385-14-000068.txt,0.0
786,1121783,25-07-2014,0001157523-14-002977.txt,-0.0338409475465313
787,68622,23-09-2014,0001193125-14-349567.txt,-0.010666666666666666
788,1505732,07-08-2014,0000914260-14-000071.txt,0.0
789,77776,07-07-2014,0001104659-14-050289.txt,-0.014462809917355372
790,1091862,13-11-2014,0001144204-14-067429.txt,-0.021341463414634148
791,1109189,02-12-2014,0001193125-14-430225.txt,-0.03826086956521739
792,1023844,23-12-2014,0001437749-14-022482.txt,0.0
793,890264,29-12-2014,0001193125-14-455470.txt,0.0
794,768710,30-10-2014,0001144204-14-063823.txt,0.0
795,1490281,30-10-2014,0001490281-14-000063.txt,0.005813953488372093
796,89270,05-11-2014,0000921895-14-002295.txt,0.005714285714285714
797,1081074,22-10-2014,0001185185-14-002774.txt,-0.023529411764705882
798,1335239,14-10-2014,0001214782-14-000112.txt,0.007142857142857143
799,1346980,16-12-2014,0001346980-14-000059.txt,0.008
800,945114,03-02-2015,0001140361-15-003861.txt,0.005494505494505495
801,15615,27-02-2015,0001193125-15-066544.txt,0.0
802,711377,30-03-2015,0001193125-15-111498.txt,-0.00423728813559322
803,1378946,16-01-2015,0001193125-15-012566.txt,0.005050505050505051
804,872912,11-03-2015,0001193125-15-087328.txt,0.007407407407407408
805,1580670,12-03-2015,0001580670-15-000016.txt,0.005128205128205128
806,7084,13-02-2015,0001193125-15-049158.txt,0.0
807,916529,14-01-2015,0001185185-15-000061.txt,0.0
808,1517401,10-02-2015,0001517401-15-000013.txt,0.008695652173913044
809,1331754,15-01-2015,0001331754-15-000008.txt,0.007389162561576354
810,1499912,08-05-2015,0001144204-15-028860.txt,0.004878048780487805
811,1451654,10-06-2015,0001493152-15-002441.txt,0.0
812,1362705,17-04-2015,0001562762-15-000103.txt,0.0
813,8063,12-05-2015,0001193125-15-184203.txt,0.0058823529411764705
814,7084,15-06-2015,0001193125-15-223334.txt,0.0055248618784530384
815,737468,02-06-2015,0000737468-15-000076.txt,0.010582010582010581
816,1591670,05-06-2015,0001104659-15-043729.txt,-0.014056224899598393
817,927628,04-05-2015,0000927628-15-000049.txt,-0.011933174224343675
818,1080627,21-04-2015,0001079973-15-000299.txt,0.0
819,1322505,20-04-2015,0001571049-15-002942.txt,0.00684931506849315
820,1333493,29-07-2015,0001333493-15-000057.txt,0.005076142131979695
821,1172706,16-07-2015,0001076542-15-000127.txt,-0.0051813471502590676
822,819050,04-09-2015,0001193125-15-313099.txt,0.0
823,1408356,17-07-2015,0001564590-15-005487.txt,0.006060606060606061
824,1157602,08-09-2015,0001104659-15-064089.txt,0.015503875968992248
825,1125345,30-07-2015,0001125345-15-000020.txt,0.012658227848101266
826,1517650,24-07-2015,0001517650-15-000045.txt,0.003076923076923077
827,1583744,20-08-2015,0001193125-15-296810.txt,0.005714285714285714
828,1581552,19-08-2015,0001185185-15-002255.txt,0.0
829,1502659,10-08-2015,0001078782-15-001232.txt,0.00392156862745098
830,1230276,07-10-2015,0001230276-15-000027.txt,-0.005780346820809248
831,1562039,04-11-2015,0001562039-15-000121.txt,-0.00683371298405467
832,1037189,04-11-2015,0000899140-15-000812.txt,0.005154639175257732
833,1001426,25-11-2015,0001193125-15-388713.txt,-0.02414654454621149
834,54381,06-10-2015,0000054381-15-000050.txt,0.005434782608695652
835,1462120,17-12-2015,0001193125-15-406312.txt,0.009615384615384616
836,1171825,08-12-2015,0000891092-15-010518.txt,-0.0066555740432612314
837,890821,23-11-2015,0001079974-15-000800.txt,-0.0136986301369863
838,26076,21-12-2015,0001104659-15-085898.txt,-0.0034602076124567475
839,107815,16-10-2015,0000107815-15-000120.txt,0.0
840,1514242,28-03-2016,0000950142-16-003382.txt,0.0
841,107687,24-03-2016,0000107687-16-000072.txt,0.006060606060606061
842,837465,23-02-2016,0001193125-16-471897.txt,-0.0026666666666666666
843,884731,29-03-2016,0001193125-16-521033.txt,-0.004878048780487805
844,1419852,14-01-2016,0001104659-16-089777.txt,0.0047169811320754715
845,356590,26-02-2016,0001493152-16-007663.txt,0.0040650406504065045
846,1075607,04-01-2016,0001075607-16-000034.txt,0.00816326530612245
847,815097,22-02-2016,0001193125-16-470786.txt,0.0
848,805264,11-02-2016,0001193125-16-458453.txt,0.006756756756756757
849,1335112,17-03-2016,0001469709-16-000723.txt,0.005235602094240838
850,1302946,19-05-2016,0001302946-16-000115.txt,-0.013333333333333334
851,1144519,19-05-2016,0000947871-16-001200.txt,0.006666666666666667
852,1586454,05-05-2016,0001193125-16-579262.txt,0.01282051282051282
853,1098009,13-05-2016,0001098009-16-000005.txt,-0.032407407407407406
854,1641489,12-05-2016,0001564590-16-019243.txt,0.005494505494505495
855,55067,15-06-2016,0001628280-16-017111.txt,0.006622516556291391
856,1355848,30-06-2016,0001019687-16-006804.txt,0.0
857,1551906,28-04-2016,0001469709-16-000782.txt,0.004310344827586207
858,930236,16-05-2016,0001144204-16-102615.txt,0.005847953216374269
859,1572694,07-04-2016,0000895345-16-000457.txt,0.0
860,922224,08-09-2016,0000922224-16-000189.txt,0.006134969325153374
861,887936,29-07-2016,0001193125-16-664759.txt,-0.029411764705882353
862,25598,29-08-2016,0000025598-16-000062.txt,-0.005509641873278237
863,1304280,19-09-2016,0001304280-16-000103.txt,-0.013262599469496022
864,1404281,03-08-2016,0001193125-16-669173.txt,-0.003875968992248062
865,1583103,16-09-2016,0001583103-16-000069.txt,0.003125
866,54476,04-08-2016,0001143068-16-000143.txt,0.002967359050445104
867,1030469,08-07-2016,0001193125-16-644525.txt,-0.020316027088036117
868,1355790,24-08-2016,0001564590-16-024649.txt,0.004405286343612335
869,878004,01-07-2016,0000878004-16-000036.txt,-0.014545454545454545
870,1013238,09-11-2016,0001193125-16-764535.txt,0.005917159763313609
871,1019650,02-11-2016,0001019650-16-000138.txt,0.0036496350364963502
872,1431934,28-11-2016,0001295345-16-000788.txt,0.013114754098360656
873,109177,04-11-2016,0000109177-16-000177.txt,-0.005917159763313609
874,914156,03-11-2016,0001171843-16-012905.txt,-0.00847457627118644
875,1389125,31-10-2016,0001193125-16-753774.txt,-0.0017331022530329288
876,732717,24-10-2016,0000732717-16-000199.txt,0.006493506493506494
877,1574596,04-11-2016,0001574596-16-000215.txt,0.0
878,1493594,21-11-2016,0001193125-16-772944.txt,-0.012683578104138851
879,768710,06-10-2016,0001144204-16-127136.txt,0.0035087719298245615
880,1534701,03-02-2017,0001534701-17-000023.txt,0.006993006993006993
881,1549922,24-02-2017,0001549922-17-000025.txt,-0.010666666666666666
882,1375063,22-02-2017,0001171843-17-001018.txt,0.004629629629629629
883,864839,16-02-2017,0001185185-17-000381.txt,-0.010416666666666666
884,1071993,08-02-2017,0001558370-17-000407.txt,-0.028169014084507043
885,764038,27-01-2017,0001558370-17-000227.txt,-0.039735099337748346
886,31667,25-01-2017,0001171843-17-000402.txt,0.007633587786259542
887,1577670,13-03-2017,0001104659-17-016122.txt,0.005128205128205128
888,1166928,26-01-2017,0001166928-17-000002.txt,0.007407407407407408
889,895126,20-01-2017,0000895126-17-000047.txt,0.0
890,1495479,08-06-2017,0001495479-17-000051.txt,-0.013921113689095127
891,1001385,01-06-2017,0001437749-17-010437.txt,0.00546448087431694
892,39368,18-04-2017,0001437749-17-006720.txt,-0.007891770011273957
893,1393612,16-05-2017,0001193125-17-172380.txt,-0.00641025641025641
894,1138723,27-04-2017,0001104659-17-026932.txt,0.0
895,1014052,11-05-2017,0001213900-17-004913.txt,0.006329113924050633
896,73124,25-04-2017,0000073124-17-000140.txt,0.006134969325153374
897,733269,22-06-2017,0000733269-17-000045.txt,-0.03414634146341464
898,1526689,06-06-2017,0001640334-17-001172.txt,0.0
899,1618755,19-06-2017,0001193125-17-207180.txt,0.0053475935828877
900,1449488,21-07-2017,0001564590-17-013755.txt,0.0049261083743842365
901,761648,13-09-2017,0001193125-17-283770.txt,-0.021592442645074223
902,1372612,30-08-2017,0001193125-17-273165.txt,0.0049504950495049506
903,21076,28-09-2017,0001193125-17-297805.txt,0.004608294930875576
904,1022671,24-07-2017,0001104659-17-046455.txt,0.0049261083743842365
905,1606163,06-09-2017,0001144204-17-046806.txt,-0.0013245033112582781
906,1616741,26-07-2017,0001474506-17-000067.txt,0.004608294930875576
907,789132,03-08-2017,0000789132-17-000126.txt,0.005050505050505051
908,1144519,12-09-2017,0000947871-17-000709.txt,-0.00865051903114187
909,1579877,19-09-2017,0001579877-17-000126.txt,-0.01680672268907563
910,1466538,26-10-2017,0001466538-17-000113.txt,0.00625
911,924805,11-10-2017,0001654954-17-009310.txt,-0.025041736227045076
912,721683,17-10-2017,0001193125-17-311416.txt,0.0035460992907801418
913,916365,07-11-2017,0000916365-17-000105.txt,0.0048543689320388345
914,1307954,27-10-2017,0001104659-17-064131.txt,0.0045045045045045045
915,8504,29-12-2017,0001144204-17-065895.txt,-0.006060606060606061
916,1140096,17-11-2017,0001101215-17-000232.txt,0.0019230769230769232
917,1431959,06-12-2017,0001654954-17-011348.txt,-0.002967359050445104
918,1501729,14-11-2017,0001387131-17-005439.txt,0.005263157894736842
919,1043337,01-12-2017,0001144204-17-061864.txt,0.0
920,1713210,15-03-2018,0001493152-18-003388.txt,0.007874015748031496
921,1071255,19-01-2018,0001193125-18-014795.txt,-0.0034662045060658577
922,1163302,01-02-2018,0001163302-18-000006.txt,-0.008547008547008548
923,719274,30-03-2018,0001437749-18-005853.txt,-0.009966777408637873
924,1517175,08-01-2018,0000947871-18-000017.txt,0.004975124378109453
925,10329,11-01-2018,0001437749-18-000534.txt,0.005681818181818182
926,1689066,25-01-2018,0001477932-18-000474.txt,0.0
927,1495491,15-02-2018,0001360604-18-000013.txt,0.003861003861003861
928,18498,17-01-2018,0000018498-18-000005.txt,0.0072992700729927005
929,1112920,27-02-2018,0001185185-18-000336.txt,-0.04725897920604915
930,315189,03-04-2018,0001104659-18-022005.txt,0.02092050209205021
931,867665,06-04-2018,0000867665-18-000019.txt,0.004784688995215311
932,1472595,22-05-2018,0001628280-18-007072.txt,0.005988023952095809
933,726854,19-04-2018,0000726854-18-000017.txt,0.005780346820809248
934,1329606,22-06-2018,0001329606-18-000025.txt,0.0
935,37996,16-05-2018,0000037996-18-000047.txt,0.005555555555555556
936,819926,04-05-2018,0001213900-18-005505.txt,-0.004424778761061947
937,1349929,27-06-2018,0001493152-18-009285.txt,-0.013745704467353952
938,22252,10-04-2018,0001493152-18-004995.txt,-0.03825136612021858
939,798354,01-05-2018,0000798354-18-000007.txt,0.006172839506172839
940,1321778,05-09-2018,0001140361-18-037814.txt,0.004424778761061947
941,1282977,02-08-2018,0001193125-18-236589.txt,0.005
942,1109357,24-09-2018,0001628280-18-012042.txt,-0.00980392156862745
943,50292,13-08-2018,0001174947-18-001091.txt,0.006493506493506494
944,1170534,01-08-2018,0001193125-18-234927.txt,0.005
945,1680873,09-08-2018,0001615774-18-007789.txt,-0.00860832137733142
946,19446,27-09-2018,0000019446-18-000046.txt,0.005988023952095809
947,766704,16-08-2018,0001193125-18-250640.txt,-0.00516795865633075
948,1413898,02-07-2018,0001193125-18-210380.txt,-0.003976143141153081
949,1684682,20-07-2018,0001387131-18-003228.txt,-0.002207505518763797
950,55067,01-10-2018,0001628280-18-012160.txt,0.0
951,1557883,01-10-2018,0001193125-18-289505.txt,0.004672897196261682
952,846617,05-10-2018,0000846617-18-000006.txt,0.00625
953,1687229,05-11-2018,0001687229-18-000068.txt,0.0043859649122807015
954,887730,30-10-2018,0000887730-18-000081.txt,0.004366812227074236
955,1422841,02-11-2018,0001558370-18-008381.txt,-0.0033613445378151263
956,16058,20-11-2018,0001564590-18-029875.txt,-0.017045454545454544
957,1513856,14-12-2018,0001144204-18-064703.txt,-0.014492753623188406
958,43196,08-11-2018,0001437749-18-019941.txt,0.005025125628140704
959,1614178,29-11-2018,0001614178-18-000456.txt,0.005494505494505495
960,861441,03-01-2019,0000861441-19-000001.txt,0.006711409395973154
961,1342423,14-01-2019,0001342423-19-000003.txt,0.006289308176100629
962,40730,07-02-2019,0001193125-19-031011.txt,-0.07537688442211055
963,1032220,11-02-2019,0001032220-19-000014.txt,0.004761904761904762
964,1403676,18-03-2019,0001553350-19-000224.txt,0.011695906432748537
965,42316,12-03-2019,0000042316-19-000009.txt,0.0037593984962406013
966,1175505,07-01-2019,0001193125-19-003022.txt,-0.002551020408163265
967,1539029,20-02-2019,0001564590-19-003375.txt,0.0
968,1429560,28-01-2019,0001104659-19-003509.txt,-0.005988023952095809
969,1059262,06-02-2019,0001171843-19-000770.txt,0.006666666666666667
970,1339605,25-04-2019,0001193125-19-117926.txt,-0.01048951048951049
971,1401914,27-06-2019,0001628280-19-008388.txt,0.0049504950495049506
972,1467154,03-05-2019,0001467154-19-000023.txt,-0.0034782608695652175
973,76334,29-04-2019,0000950157-19-000495.txt,-0.036193029490616625
974,1692787,31-05-2019,0001193125-19-162278.txt,-0.01098901098901099
975,1609880,10-04-2019,0001078782-19-000312.txt,0.002932551319648094
976,1469443,14-06-2019,0001564590-19-022531.txt,0.0018248175182481751
977,931059,04-04-2019,0001493152-19-004905.txt,-0.008438818565400843
978,1496443,24-05-2019,0001683168-19-001728.txt,-0.00423728813559322
979,1419793,03-04-2019,0001213900-19-005726.txt,0.00641025641025641
980,1370946,20-09-2019,0001193125-19-249957.txt,0.0
981,1621434,06-08-2019,0001628280-19-010016.txt,0.003745318352059925
982,924719,10-07-2019,0001654954-19-008101.txt,0.005291005291005291
983,1095996,23-07-2019,0001193125-19-200138.txt,0.0
984,70318,12-08-2019,0001193125-19-218495.txt,0.0
985,1173313,12-07-2019,0001213900-19-012615.txt,0.011494252873563218
986,47111,27-08-2019,0000047111-19-000041.txt,-0.02092050209205021
987,1724965,12-09-2019,0001193125-19-243979.txt,0.00398406374501992
988,1633978,08-08-2019,0001633978-19-000068.txt,0.0038461538461538464
989,18349,01-07-2019,0001140361-19-012072.txt,-0.022172949002217297
990,1780097,20-12-2019,0001193125-19-321017.txt,0.005050505050505051
991,1674862,18-11-2019,0001564590-19-043767.txt,-0.00411522633744856
992,798359,07-11-2019,0001104659-19-061218.txt,-0.001834862385321101
993,1412707,30-10-2019,0001412707-19-000070.txt,0.005291005291005291
994,1362705,12-11-2019,0001558370-19-010694.txt,0.0043859649122807015
995,1703625,20-11-2019,0001654954-19-013223.txt,-0.015384615384615385
996,921299,02-12-2019,0001564590-19-044970.txt,0.0
997,730708,12-11-2019,0000730708-19-000013.txt,0.0
998,740663,04-11-2019,0000740663-19-000030.txt,-0.0045045045045045045
999,1476963,19-11-2019,0001553350-19-001218.txt,-0.005434782608695652
1000,1616262,06-01-2020,0001437749-20-000227.txt,-0.013452914798206279
1001,1327068,28-01-2020,0001104659-20-007472.txt,-0.004081632653061225
1002,1426332,09-03-2020,0001564590-20-009378.txt,0.0
1003,1591763,07-02-2020,0001591763-20-000003.txt,0.017467248908296942
1004,1265107,02-03-2020,0001265107-20-000002.txt,0.0
1005,887921,08-01-2020,0001157523-20-000033.txt,0.0
1006,1009672,30-03-2020,0001564590-20-013833.txt,-0.04638009049773756
1007,813762,31-03-2020,0001104659-20-041140.txt,-0.03896103896103896
1008,87347,17-01-2020,0001193125-20-009501.txt,0.0
1009,20212,16-03-2020,0000020212-20-000025.txt,0.0
1010,95953,05-05-2020,0000095953-20-000061.txt,0.005128205128205128
1011,1269371,24-06-2020,0001068238-20-000152.txt,0.010040160642570281
1012,1684144,11-05-2020,0001171843-20-003592.txt,0.004048582995951417
1013,1466301,05-05-2020,0001193125-20-133789.txt,0.0
1014,1435064,12-06-2020,0001493152-20-011103.txt,0.007246376811594203
1015,1347652,29-06-2020,0001347652-20-000060.txt,-0.017456359102244388
1016,1609809,22-06-2020,0001193125-20-175590.txt,0.0
1017,1057706,30-04-2020,0001157523-20-000615.txt,0.0
1018,1494877,17-06-2020,0001193125-20-171299.txt,-0.0013422818791946308
1019,1512762,17-04-2020,0001104659-20-048214.txt,-0.015530629853321829
1020,887919,31-07-2020,0000887919-20-000018.txt,0.03684210526315789
1021,902274,28-09-2020,0001437749-20-020329.txt,-0.035833333333333335
1022,889971,06-08-2020,0001654954-20-008552.txt,0.00558659217877095
1023,1288469,07-07-2020,0001288469-20-000143.txt,0.0
1024,1694617,18-09-2020,0001185185-20-001339.txt,-0.007272727272727273
1025,4904,15-09-2020,0000004904-20-000069.txt,-0.007905138339920948
1026,1158780,27-08-2020,0001213900-20-023944.txt,-0.01762114537444934
1027,1643301,24-09-2020,0001477932-20-005584.txt,-0.003401360544217687
1028,1314102,15-09-2020,0001564590-20-043596.txt,0.0056179775280898875
1029,1704235,28-07-2020,0001104659-20-087284.txt,-0.02054794520547945
1030,912767,10-12-2020,0000912767-20-000036.txt,-0.0029585798816568047
1031,1698022,01-10-2020,0001437749-20-020557.txt,0.0
1032,1617242,30-10-2020,0001564590-20-049299.txt,0.0
1033,866609,05-11-2020,0000866609-20-000066.txt,-0.00546448087431694
1034,1308027,09-10-2020,0001493152-20-019195.txt,0.0
1035,8670,17-11-2020,0000950142-20-002557.txt,-0.013986013986013986
1036,1066923,02-12-2020,0001213900-20-040493.txt,-0.005698005698005698
1037,1559909,24-11-2020,0001213900-20-039037.txt,0.004545454545454545
1038,1646228,01-12-2020,0001558370-20-014126.txt,0.0
1039,1472595,09-11-2020,0001628280-20-016112.txt,-0.00558659217877095
1040,1682149,20-01-2021,0001104659-21-005918.txt,0.0018867924528301887
1041,1431959,28-01-2021,0001199835-21-000027.txt,-0.005509641873278237
1042,1376231,15-01-2021,0000891092-21-000349.txt,-0.00390625
1043,1715611,18-03-2021,0001640334-21-000611.txt,0.00723589001447178
1044,1109357,24-02-2021,0001109357-21-000018.txt,-0.004225352112676056
1045,912242,26-03-2021,0001193125-21-095221.txt,-0.008460236886632826
1046,1082038,05-01-2021,0001564590-21-000218.txt,0.003430531732418525
1047,1297996,12-01-2021,0001193125-21-007307.txt,-0.01224105461393597
1048,46195,22-02-2021,0001564590-21-007160.txt,0.0020876826722338203
1049,1061983,01-03-2021,0001171843-21-001391.txt,0.0
1050,1773751,22-06-2021,0001193125-21-196272.txt,-0.003067484662576687
1051,1031296,22-04-2021,0001031296-21-000046.txt,-0.025373134328358207
1052,860543,28-05-2021,0001477932-21-003675.txt,-0.005859375
1053,1624326,26-05-2021,0001493152-21-012960.txt,0.00423728813559322
1054,1547546,10-05-2021,0001104659-21-063969.txt,-0.004032258064516129
1055,879635,29-04-2021,0001193125-21-138176.txt,-0.002457002457002457
1056,48039,05-05-2021,0000048039-21-000028.txt,0.0
1057,1326089,20-04-2021,0001104659-21-052106.txt,-0.030056864337936636
1058,1436229,28-06-2021,0001493152-21-015329.txt,0.0030120481927710845
1059,1094032,19-05-2021,0001731122-21-000919.txt,0.0
1060,1070296,26-07-2021,0001171843-21-005088.txt,0.0
1061,66600,27-09-2021,0001493152-21-023870.txt,-0.0033783783783783786
1062,72971,09-09-2021,0000072971-21-000289.txt,-0.02763819095477387
1063,353184,23-09-2021,0000353184-21-000086.txt,-0.004291845493562232
1064,862861,22-07-2021,0000950170-21-000495.txt,0.0
1065,1316944,09-07-2021,0001316944-21-000127.txt,-0.011682242990654205
1066,1693577,02-09-2021,0001564590-21-046814.txt,-0.01098901098901099
1067,1304421,10-08-2021,0001558370-21-011072.txt,-0.022970903522205207
1068,763744,20-07-2021,0000763744-21-000082.txt,0.0
1069,1032208,05-08-2021,0001032208-21-000027.txt,0.0
1070,1413659,28-12-2021,0001553350-21-001200.txt,-0.008771929824561403
1071,1728688,17-11-2021,0001728688-21-000080.txt,0.0
1072,1561627,29-10-2021,0001193125-21-312340.txt,-0.012380952380952381
1073,1642081,28-10-2021,0001642081-21-000005.txt,0.0
1074,93751,18-11-2021,0001193125-21-333825.txt,0.0
1075,1759186,20-12-2021,0001213900-21-066333.txt,-0.003472222222222222
1076,1816431,10-11-2021,0001140361-21-037442.txt,0.0
1077,96021,23-11-2021,0001193125-21-338587.txt,-0.006925207756232687
1078,885550,07-12-2021,0000885550-21-000151.txt,-0.01384083044982699
1079,1205181,15-10-2021,0001493152-21-025567.txt,0.0
